[
    {
        "name": "xxxzcd",
        "filiere": "Énergétique",
        "classe": "1ère année",
        "attend": "Yes",
        "no_reason": "",
        "activities_free": "sss",
        "ideas": "sssss",
        "phone": "ssssssssss",
        "email": "candidblockhouse@deepcool.biz",
        "media_consent": "I consent",
        "cohort": "Énergétique — 1ère année",
        "ip": "127.0.0.1",
        "ts": "2025-11-03 15:42:33"
    },
    {
        "name": "saas asas",
        "filiere": "Énergétique",
        "classe": "2ème année",
        "attend": "Yes",
        "no_reason": "",
        "activities_free": "sqqsfdi qsq",
        "ideas": "oiups qwqsnsjjw1qs",
        "phone": "7777777777",
        "email": "oupsarneak@gmail.com",
        "media_consent": "I consent",
        "cohort": "Énergétique — 2ème année",
        "ip": "127.0.0.1",
        "ts": "2025-11-03 16:53:29"
    },
    {
        "name": "saas asas",
        "filiere": "PME",
        "classe": "1ère année",
        "attend": "Yes",
        "no_reason": "",
        "activities_free": "as",
        "ideas": "ssssss",
        "phone": "7777777777",
        "email": "oupsarneak@gmail.com",
        "media_consent": "I consent",
        "cohort": "PME — 1ère année",
        "ip": "127.0.0.1",
        "ts": "2025-11-03 16:53:56"
    }
]