[
    {
        "name": "vbhhbb hhnjjn",
        "email": "oupsarneak@gmail.com",
        "phone": "ssssssssss",
        "talent_type": "Instrument",
        "experience": "87gyyui",
        "description": "joiojipjiojiop",
        "stage_ready": "Oui, pret(e) !",
        "needs": "uikhojioji",
        "links": "lmklkojkl",
        "instagram": "hgvffjfghviul",
        "ip": "127.0.0.1",
        "ts": "2025-11-15 20:38:45",
        "media_files": [
            {
                "original": "Screenshot 2025-10-27 230446.png",
                "stored": "data\/talent_media\/20251115_203845_95b8f092_Screenshot_2025-10-27_230446.png",
                "size": 447477,
                "mime": "image\/png"
            }
        ],
        "media_count": 1
    },
    {
        "name": "ssss",
        "email": "candidblockhouse@deepcool.biz",
        "phone": "777777777",
        "talent_type": "Beatbox \/ Rap",
        "experience": "87gyyui",
        "description": "jjjjjjjn",
        "stage_ready": "Oui, pret(e) !",
        "needs": "sss",
        "links": "kkk",
        "instagram": "hgvffjfghviul",
        "ip": "127.0.0.1",
        "ts": "2025-11-15 23:48:22",
        "media_files": [
            {
                "original": "Screenshot 2025-10-27 230446.png",
                "stored": "data\/talent_media\/20251115_234822_780cdbe6_Screenshot_2025-10-27_230446.png",
                "size": 447477,
                "mime": "image\/png"
            }
        ],
        "media_count": 1
    },
    {
        "name": "mjbhkj",
        "email": "candidblockhouse@deepcool.biz",
        "phone": "7856876887",
        "talent_type": "Danse",
        "experience": "6",
        "description": "sssss",
        "stage_ready": "Oui, pret(e) !",
        "needs": "ssss",
        "links": "ssss",
        "instagram": "hgvffjfghviul",
        "ip": "127.0.0.1",
        "ts": "2025-11-16 00:51:53",
        "media_files": [
            {
                "original": "Screenshot 2025-10-27 230446.png",
                "stored": "data\/talent_media\/20251116_005153_179722da_Screenshot_2025-10-27_230446.png",
                "path": "C:\\xampp\\htdocs\\qq\/data\/talent_media\/20251116_005153_179722da_Screenshot_2025-10-27_230446.png",
                "size": 447477,
                "mime": "image\/png"
            }
        ],
        "media_count": 1
    },
    {
        "name": "sss",
        "email": "candidblockhouse@deepcool.biz",
        "phone": "7856876887",
        "talent_type": "Chant",
        "experience": "ss",
        "description": "sss",
        "stage_ready": "Oui, pret(e) !",
        "needs": "ss",
        "links": "sss",
        "instagram": "hgvffjfghviul",
        "ip": "127.0.0.1",
        "ts": "2025-11-16 12:09:00",
        "media_files": [
            {
                "original": "520880874_1389246115508393_8985485386885652254_n.png",
                "size": 39952,
                "mime": "image\/png"
            },
            {
                "original": "Screenshot 2025-08-13 232806.png",
                "size": 31112,
                "mime": "image\/png"
            }
        ],
        "media_count": 2
    }
]